{"cameraMode":{"drawMode":0,"name":"Shaded","section":"Shading Mode"},"sceneLighting":false,"audioPlay":false,"sceneViewState":{"m_AlwaysRefresh":false,"showFog":true,"showSkybox":false,"showFlares":true,"showImageEffects":true,"showParticleSystems":true,"showVisualEffectGraphs":true,"m_FxEnabled":true},"in2DMode":false,"pivot":{"x":-19.917593002319337,"y":1.1599102020263672,"z":-4.308643817901611},"rotation":{"x":0.18549394607543946,"y":0.6784108281135559,"z":-0.6864990592002869,"w":0.18608076870441438},"size":12.841341018676758,"orthographic":false}