{"cameraMode":{"drawMode":0,"name":"Shaded","section":"Shading Mode"},"sceneLighting":true,"audioPlay":false,"sceneViewState":{"m_AlwaysRefresh":false,"showFog":true,"showSkybox":true,"showFlares":true,"showImageEffects":true,"showParticleSystems":true,"showVisualEffectGraphs":true,"m_FxEnabled":true},"in2DMode":false,"pivot":{"x":23.97533416748047,"y":13.420812606811524,"z":10.272804260253907},"rotation":{"x":-0.19702869653701783,"y":-0.2532263696193695,"z":0.054456233978271487,"w":-0.9458408355712891},"size":22.23369789123535,"orthographic":false}