{"cameraMode":{"drawMode":0,"name":"Shaded","section":"Shading Mode"},"sceneLighting":true,"audioPlay":false,"sceneViewState":{"m_AlwaysRefresh":false,"showFog":true,"showSkybox":true,"showFlares":true,"showImageEffects":true,"showParticleSystems":true,"showVisualEffectGraphs":true,"m_FxEnabled":true},"in2DMode":false,"pivot":{"x":2.054476261138916,"y":3.4793829917907717,"z":0.44080352783203127},"rotation":{"x":0.047564659267663959,"y":-0.9549078345298767,"z":0.21236348152160645,"w":0.2033814787864685},"size":2.73693585395813,"orthographic":false}