{"cameraMode":{"drawMode":0,"name":"Shaded","section":"Shading Mode"},"sceneLighting":true,"audioPlay":false,"sceneViewState":{"m_AlwaysRefresh":false,"showFog":true,"showSkybox":true,"showFlares":true,"showImageEffects":true,"showParticleSystems":true,"showVisualEffectGraphs":true,"m_FxEnabled":true},"in2DMode":false,"pivot":{"x":-2.1486001014709474,"y":4.117659091949463,"z":-0.7741939425468445},"rotation":{"x":-0.23956629633903504,"y":-0.6522253155708313,"z":0.23529447615146638,"w":-0.6800898313522339},"size":3.3546559810638429,"orthographic":false}