{"cameraMode":{"drawMode":0,"name":"Shaded","section":"Shading Mode"},"sceneLighting":true,"audioPlay":false,"sceneViewState":{"m_AlwaysRefresh":false,"showFog":true,"showSkybox":true,"showFlares":true,"showImageEffects":true,"showParticleSystems":true,"showVisualEffectGraphs":true,"m_FxEnabled":true},"in2DMode":false,"pivot":{"x":-1.7541595697402955,"y":1.9172711372375489,"z":-0.09552797675132752},"rotation":{"x":-0.0461430661380291,"y":-0.9463104009628296,"z":0.268130898475647,"w":-0.17690101265907288},"size":0.6073950529098511,"orthographic":false}